Event Type,Card Holder,Employee ID,Card No.,Event Time,Authentication Type,Card Reader ID,Card Type,Mask,Door No.
Face Authentication Passed,DUBER ERLEY GIRALDO ZULUAGA,17209957,,2026-05-04 06:38:18,faceOrFpOrCardOrPw,1,1,no,1
Fingerprint Recognition Passed,DIEGO ANDRES HENAO ROMERO,71337024,,2026-05-04 06:52:40,faceOrFpOrCardOrPw,1,1,,1
Fingerprint Recognition Passed,LUZ DERLIS ORTEGA GONZALEZ,57292045,,2026-05-04 06:53:29,faceOrFpOrCardOrPw,1,1,,1
Face Authentication Passed,JUAN FERNANDO ALVAREZ FIGUEROA,71269108,,2026-05-04 06:59:24,faceOrFpOrCardOrPw,1,1,no,1
Fingerprint Recognition Passed,PAULA ANDREA URIBE VARGAS,32244015,,2026-05-04 07:07:16,faceOrFpOrCardOrPw,1,1,,1
Face Authentication Passed,JOHN ALEXANDER CUADROS SERNA,8126705,,2026-05-04 07:07:37,faceOrFpOrCardOrPw,1,1,no,1
Fingerprint Recognition Passed,ESTEFANIA GOMEZ ARENAS,28478853,,2026-05-04 07:10:23,faceOrFpOrCardOrPw,1,1,,1
Fingerprint Recognition Passed,NUBIA ELENA BEDOYA CARO,42787291,,2026-05-04 07:24:15,faceOrFpOrCardOrPw,1,1,,1
Fingerprint Recognition Passed,ANDRES FELIPE AGUIRRE MARIN,70422459,,2026-05-04 07:24:42,faceOrFpOrCardOrPw,1,1,,1
Fingerprint Recognition Passed,DAVIDSON GALEANO AVENDAÑO,40370997,,2026-05-04 07:26:50,faceOrFpOrCardOrPw,1,1,,1
Fingerprint Recognition Passed,BEIMAR ALBERTO CHAVERRA GIRALDO,98631269,,2026-05-04 07:28:18,faceOrFpOrCardOrPw,1,1,,1
Fingerprint Recognition Passed,OSCAR YOVANNY GONZALEZ MUNERA,71214132,,2026-05-04 07:29:02,faceOrFpOrCardOrPw,1,1,,1
Fingerprint Recognition Passed,KELI JOHANA CARVAJAL DURANGO,52689564,,2026-05-04 07:29:19,faceOrFpOrCardOrPw,1,1,,1
Fingerprint Recognition Passed,JHONATHAN ESTIVENSON URAN SERNA,28398370,,2026-05-04 07:29:38,faceOrFpOrCardOrPw,1,1,,1
Fingerprint Recognition Passed,JAQUELINE VALDERRAMA ALVAREZ,4027534,,2026-05-04 07:29:58,faceOrFpOrCardOrPw,1,1,,1
Fingerprint Recognition Passed,ANA MARIA LOPEZ RUIZ,43865704,,2026-05-04 07:34:13,faceOrFpOrCardOrPw,1,1,,1
Fingerprint Recognition Passed,EDIVER GALEANO CARMONA,16725402,,2026-05-04 07:44:41,faceOrFpOrCardOrPw,1,1,,1
Fingerprint Recognition Passed,WILDER SANTIAGO MEJIA ALVAREZ,20489034,,2026-05-04 07:55:07,faceOrFpOrCardOrPw,1,1,,1
Face Authentication Passed,JESSICA SALAZAR CAÑAS,52184530,,2026-05-04 07:56:05,faceOrFpOrCardOrPw,1,1,no,1
Fingerprint Recognition Passed,MARIA ROSMIRA RODRIGUEZ BUITRAGO,42995314,,2026-05-04 07:56:30,faceOrFpOrCardOrPw,1,1,,1
Face Authentication Passed,CAMILA ANDREA CARMONA GIRALDO,8439164,,2026-05-04 07:56:38,faceOrFpOrCardOrPw,1,1,no,1
Fingerprint Recognition Passed,MAURICIO MURILLO FONNEGRA,98494133,,2026-05-04 08:00:52,faceOrFpOrCardOrPw,1,1,,1
Face Authentication Passed,LEIDY JOHANA LONDONO VALENCIA,93514952,,2026-05-04 08:02:05,faceOrFpOrCardOrPw,1,1,no,1
Fingerprint Recognition Passed,HAILER ARTURO MONTOYA CANO,33337771,,2026-05-04 08:04:57,faceOrFpOrCardOrPw,1,1,,1
Fingerprint Recognition Passed,OMAR ENRIQUE OROZCO SIMANCA,65579115,,2026-05-04 08:26:54,faceOrFpOrCardOrPw,1,1,,1
Fingerprint Recognition Passed,EYLER SANTIAGO TABARES MONTEALEGRE,17219543,,2026-05-04 08:26:59,faceOrFpOrCardOrPw,1,1,,1
Fingerprint Recognition Passed,MARI ANGELA PALACIOS PALACIOS,6816620,,2026-05-04 08:27:02,faceOrFpOrCardOrPw,1,1,,1
Fingerprint Recognition Passed,ELIZABETH OSORIO CASTAÑO,37586673,,2026-05-04 08:29:38,faceOrFpOrCardOrPw,1,1,,1
Fingerprint Recognition Passed,KELI JOHANA CARVAJAL DURANGO,52689564,,2026-05-04 11:47:03,faceOrFpOrCardOrPw,1,1,,1
Fingerprint Recognition Passed,NUBIA ELENA BEDOYA CARO,42787291,,2026-05-04 11:48:12,faceOrFpOrCardOrPw,1,1,,1
Fingerprint Recognition Passed,MARI ANGELA PALACIOS PALACIOS,6816620,,2026-05-04 11:48:27,faceOrFpOrCardOrPw,1,1,,1
Fingerprint Recognition Passed,JUAN CAMILO ZAPATA GONZALEZ,42706670,,2026-05-04 12:16:49,faceOrFpOrCardOrPw,1,1,,1
Fingerprint Recognition Passed,NUBIA ELENA BEDOYA CARO,42787291,,2026-05-04 12:28:01,faceOrFpOrCardOrPw,1,1,,1
Face Authentication Passed,JUAN FERNANDO ALVAREZ FIGUEROA,71269108,,2026-05-04 12:28:18,faceOrFpOrCardOrPw,1,1,no,1
Fingerprint Recognition Passed,DAVIDSON GALEANO AVENDAÑO,40370997,,2026-05-04 12:30:53,faceOrFpOrCardOrPw,1,1,,1
Fingerprint Recognition Passed,KELI JOHANA CARVAJAL DURANGO,52689564,,2026-05-04 12:31:10,faceOrFpOrCardOrPw,1,1,,1
Fingerprint Recognition Passed,MARI ANGELA PALACIOS PALACIOS,6816620,,2026-05-04 12:32:27,faceOrFpOrCardOrPw,1,1,,1
Fingerprint Recognition Passed,JUAN PABLO LOPEZ VASCO,900324,,2026-05-04 12:33:10,faceOrFpOrCardOrPw,1,1,,1
Fingerprint Recognition Passed,HAILER ARTURO MONTOYA CANO,33337771,,2026-05-04 12:33:24,faceOrFpOrCardOrPw,1,1,,1
Fingerprint Recognition Passed,DIEGO ANDRES HENAO ROMERO,71337024,,2026-05-04 12:33:45,faceOrFpOrCardOrPw,1,1,,1
Fingerprint Recognition Passed,MARIA ALEJANDRA CORTES URIBE,36616702,,2026-05-04 12:35:28,faceOrFpOrCardOrPw,1,1,,1
Fingerprint Recognition Passed,JUAN PABLO LOPEZ VASCO,900324,,2026-05-04 13:14:04,faceOrFpOrCardOrPw,1,1,,1
Fingerprint Recognition Passed,HAILER ARTURO MONTOYA CANO,33337771,,2026-05-04 13:15:38,faceOrFpOrCardOrPw,1,1,,1
Fingerprint Recognition Passed,ANDRES FELIPE AGUIRRE MARIN,70422459,,2026-05-04 13:16:12,faceOrFpOrCardOrPw,1,1,,1
Fingerprint Recognition Passed,MARIA ALEJANDRA CORTES URIBE,36616702,,2026-05-04 13:16:34,faceOrFpOrCardOrPw,1,1,,1
Fingerprint Recognition Passed,OSCAR YOVANNY GONZALEZ MUNERA,71214132,,2026-05-04 13:16:56,faceOrFpOrCardOrPw,1,1,,1
Fingerprint Recognition Passed,DAVIDSON GALEANO AVENDAÑO,40370997,,2026-05-04 13:18:27,faceOrFpOrCardOrPw,1,1,,1
Face Authentication Passed,BAIRON NICOLAS CALLE RIVERA,40367273,,2026-05-04 13:19:13,faceOrFpOrCardOrPw,1,1,no,1
Face Authentication Passed,LEIDY JOHANA LONDONO VALENCIA,93514952,,2026-05-04 13:19:47,faceOrFpOrCardOrPw,1,1,no,1
Fingerprint Recognition Passed,JHONATHAN ESTIVENSON URAN SERNA,28398370,,2026-05-04 13:21:27,faceOrFpOrCardOrPw,1,1,,1
Fingerprint Recognition Passed,ELIZABETH OSORIO CASTAÑO,37586673,,2026-05-04 13:28:25,faceOrFpOrCardOrPw,1,1,,1
Face Authentication Passed,PAULA ANDREA URIBE VARGAS,32244015,,2026-05-04 13:32:06,faceOrFpOrCardOrPw,1,1,no,1
Face Authentication Passed,ANDRES RESTREPO,1399637,,2026-05-04 13:32:14,faceOrFpOrCardOrPw,1,1,no,1
Fingerprint Recognition Passed,CLAUDIA PATRICIA ZAPATA SOTO,43738836,,2026-05-04 13:38:14,faceOrFpOrCardOrPw,1,1,,1
Fingerprint Recognition Passed,ANDRES FELIPE AGUIRRE MARIN,70422459,,2026-05-04 14:00:48,faceOrFpOrCardOrPw,1,1,,1
Face Authentication Passed,BAIRON NICOLAS CALLE RIVERA,40367273,,2026-05-04 14:01:23,faceOrFpOrCardOrPw,1,1,no,1
Fingerprint Recognition Passed,JOHAN ALEXIS MEJIA HENAO,17243886,,2026-05-04 14:03:53,faceOrFpOrCardOrPw,1,1,,1
Fingerprint Recognition Passed,JAQUELINE VALDERRAMA ALVAREZ,4027534,,2026-05-04 14:04:43,faceOrFpOrCardOrPw,1,1,,1
Fingerprint Recognition Passed,JHONATHAN ESTIVENSON URAN SERNA,28398370,,2026-05-04 14:04:50,faceOrFpOrCardOrPw,1,1,,1
Fingerprint Recognition Passed,SEBASTIAN PELAEZ ZAPATA,35867201,,2026-05-04 15:08:58,faceOrFpOrCardOrPw,1,1,,1
Face Authentication Passed,LEIDY JOHANA LONDONO VALENCIA,93514952,,2026-05-04 15:34:30,faceOrFpOrCardOrPw,1,1,no,1
Face Authentication Passed,JESSICA SALAZAR CAÑAS,52184530,,2026-05-04 15:48:49,faceOrFpOrCardOrPw,1,1,no,1
Fingerprint Recognition Passed,NUBIA ELENA BEDOYA CARO,42787291,,2026-05-04 17:05:22,faceOrFpOrCardOrPw,1,1,,1
Fingerprint Recognition Passed,PAULA ANDREA URIBE VARGAS,32244015,,2026-05-04 17:05:37,faceOrFpOrCardOrPw,1,1,,1
Fingerprint Recognition Passed,JUAN CAMILO ZAPATA GONZALEZ,42706670,,2026-05-04 17:05:56,faceOrFpOrCardOrPw,1,1,,1
Fingerprint Recognition Passed,DAVIDSON GALEANO AVENDAÑO,40370997,,2026-05-04 17:06:56,faceOrFpOrCardOrPw,1,1,,1
Face Authentication Passed,DANIELA CASTRILLON PULGARIN,17261353,,2026-05-04 17:06:57,faceOrFpOrCardOrPw,1,1,no,1
Fingerprint Recognition Passed,MARIA ALEJANDRA CORTES URIBE,36616702,,2026-05-04 17:08:35,faceOrFpOrCardOrPw,1,1,,1
Fingerprint Recognition Passed,ANDRES FELIPE AGUIRRE MARIN,70422459,,2026-05-04 17:08:47,faceOrFpOrCardOrPw,1,1,,1
Fingerprint Recognition Passed,OSCAR YOVANNY GONZALEZ MUNERA,71214132,,2026-05-04 17:18:06,faceOrFpOrCardOrPw,1,1,,1
Fingerprint Recognition Passed,CLAUDIA PATRICIA ZAPATA SOTO,43738836,,2026-05-04 17:25:50,faceOrFpOrCardOrPw,1,1,,1
Fingerprint Recognition Passed,WILDER SANTIAGO MEJIA ALVAREZ,20489034,,2026-05-04 17:32:14,faceOrFpOrCardOrPw,1,1,,1
Fingerprint Recognition Passed,HAILER ARTURO MONTOYA CANO,33337771,,2026-05-04 17:33:17,faceOrFpOrCardOrPw,1,1,,1
Face Authentication Passed,JUAN FERNANDO ALVAREZ FIGUEROA,71269108,,2026-05-04 17:35:38,faceOrFpOrCardOrPw,1,1,no,1
Fingerprint Recognition Passed,LENIS JOHANA RAMIREZ MANCO,28384637,,2026-05-04 17:38:15,faceOrFpOrCardOrPw,1,1,,1
Face Authentication Passed,CAMILA ANDREA CARMONA GIRALDO,8439164,,2026-05-04 17:39:05,faceOrFpOrCardOrPw,1,1,no,1
Fingerprint Recognition Passed,SANDRA CAROLINA OSORIO SALAZAR,35388650,,2026-05-04 17:42:36,faceOrFpOrCardOrPw,1,1,,1
Face Authentication Passed,JESSICA SALAZAR CAÑAS,52184530,,2026-05-04 17:49:01,faceOrFpOrCardOrPw,1,1,no,1
Fingerprint Recognition Passed,SONIA FABIELLY RESTREPO RESTREPO,42791615,,2026-05-04 17:50:59,faceOrFpOrCardOrPw,1,1,,1
Fingerprint Recognition Passed,MARI ANGELA PALACIOS PALACIOS,6816620,,2026-05-04 18:06:36,faceOrFpOrCardOrPw,1,1,,1
Fingerprint Recognition Passed,JOHAN ALEXIS MEJIA HENAO,17243886,,2026-05-04 18:06:47,faceOrFpOrCardOrPw,1,1,,1
Fingerprint Recognition Passed,OMAR ENRIQUE OROZCO SIMANCA,65579115,,2026-05-04 18:08:20,faceOrFpOrCardOrPw,1,1,,1
Fingerprint Recognition Passed,JUAN PABLO LOPEZ VASCO,900324,,2026-05-04 18:08:24,faceOrFpOrCardOrPw,1,1,,1
Fingerprint Recognition Passed,ELIZABETH OSORIO CASTAÑO,37586673,,2026-05-04 18:09:05,faceOrFpOrCardOrPw,1,1,,1
Fingerprint Recognition Passed,EYLER SANTIAGO TABARES MONTEALEGRE,17219543,,2026-05-04 18:09:09,faceOrFpOrCardOrPw,1,1,,1
Fingerprint Recognition Passed,ELENA MARIA PATIÑO VARÓN,32353781,,2026-05-04 18:12:28,faceOrFpOrCardOrPw,1,1,,1
Fingerprint Recognition Passed,DIEGO ANDRES HENAO ROMERO,71337024,,2026-05-04 18:16:45,faceOrFpOrCardOrPw,1,1,,1
Fingerprint Recognition Passed,MARIA ROSMIRA RODRIGUEZ BUITRAGO,42995314,,2026-05-04 18:16:59,faceOrFpOrCardOrPw,1,1,,1
Face Authentication Passed,JHON JAIME RESTREPO RIAZA,71655733,,2026-05-04 18:31:25,faceOrFpOrCardOrPw,1,1,no,1
Face Authentication Passed,JHON JAIME RESTREPO RIAZA,71655733,,2026-05-05 05:10:24,faceOrFpOrCardOrPw,1,1,no,1
Fingerprint Recognition Passed,CARLOS ANDRES OROZCO UPEGUI,3396375,,2026-05-05 06:51:25,faceOrFpOrCardOrPw,1,1,,1
Face Authentication Passed,ANDRES RESTREPO,1399637,,2026-05-05 07:01:47,faceOrFpOrCardOrPw,1,1,no,1
Fingerprint Recognition Passed,EDIVER GALEANO CARMONA,16725402,,2026-05-05 07:02:29,faceOrFpOrCardOrPw,1,1,,1
Fingerprint Recognition Passed,DAVIDSON GALEANO AVENDAÑO,40370997,,2026-05-05 07:04:15,faceOrFpOrCardOrPw,1,1,,1
Face Authentication Passed,JUAN FERNANDO ALVAREZ FIGUEROA,71269108,,2026-05-05 07:04:20,faceOrFpOrCardOrPw,1,1,no,1
Face Authentication Passed,DUBER ERLEY GIRALDO ZULUAGA,17209957,,2026-05-05 07:06:18,faceOrFpOrCardOrPw,1,1,no,1
Face Authentication Passed,JOHN ALEXANDER CUADROS SERNA,8126705,,2026-05-05 07:06:23,faceOrFpOrCardOrPw,1,1,no,1
Fingerprint Recognition Passed,SEBASTIAN PELAEZ ZAPATA,35867201,,2026-05-05 07:10:16,faceOrFpOrCardOrPw,1,1,,1
Fingerprint Recognition Passed,CLAUDIA PATRICIA ZAPATA SOTO,43738836,,2026-05-05 07:11:50,faceOrFpOrCardOrPw,1,1,,1
Fingerprint Recognition Passed,LUZ DERLIS ORTEGA GONZALEZ,57292045,,2026-05-05 07:12:24,faceOrFpOrCardOrPw,1,1,,1
Fingerprint Recognition Passed,JUAN CAMILO ZAPATA GONZALEZ,42706670,,2026-05-05 07:21:43,faceOrFpOrCardOrPw,1,1,,1
Fingerprint Recognition Passed,JAQUELINE VALDERRAMA ALVAREZ,4027534,,2026-05-05 07:24:31,faceOrFpOrCardOrPw,1,1,,1
Fingerprint Recognition Passed,KELI JOHANA CARVAJAL DURANGO,52689564,,2026-05-05 07:24:34,faceOrFpOrCardOrPw,1,1,,1
Fingerprint Recognition Passed,MARIA ALEJANDRA CORTES URIBE,36616702,,2026-05-05 07:25:04,faceOrFpOrCardOrPw,1,1,,1
Fingerprint Recognition Passed,OSCAR YOVANNY GONZALEZ MUNERA,71214132,,2026-05-05 07:26:40,faceOrFpOrCardOrPw,1,1,,1
Fingerprint Recognition Passed,DORA LUCIA RICO ARENAS,43876654,,2026-05-05 07:27:18,faceOrFpOrCardOrPw,1,1,,1
Face Authentication Passed,DANIELA CASTRILLON PULGARIN,17261353,,2026-05-05 07:28:31,faceOrFpOrCardOrPw,1,1,no,1
Fingerprint Recognition Passed,MAURICIO MURILLO FONNEGRA,98494133,,2026-05-05 07:31:10,faceOrFpOrCardOrPw,1,1,,1
Fingerprint Recognition Passed,ELENA MARIA PATIÑO VARÓN,32353781,,2026-05-05 07:35:27,faceOrFpOrCardOrPw,1,1,,1
Fingerprint Recognition Passed,WILDER SANTIAGO MEJIA ALVAREZ,20489034,,2026-05-05 07:58:27,faceOrFpOrCardOrPw,1,1,,1
Fingerprint Recognition Passed,SONIA FABIELLY RESTREPO RESTREPO,42791615,,2026-05-05 08:06:07,faceOrFpOrCardOrPw,1,1,,1
Fingerprint Recognition Passed,JUAN CAMILO GIRALDO TORRES,887772,,2026-05-05 08:19:20,faceOrFpOrCardOrPw,1,1,,1
Fingerprint Recognition Passed,DIEGO ANDRES HENAO ROMERO,71337024,,2026-05-05 08:20:53,faceOrFpOrCardOrPw,1,1,,1
Fingerprint Recognition Passed,ELIZABETH OSORIO CASTAÑO,37586673,,2026-05-05 08:23:29,faceOrFpOrCardOrPw,1,1,,1
Fingerprint Recognition Passed,OMAR ENRIQUE OROZCO SIMANCA,65579115,,2026-05-05 08:26:44,faceOrFpOrCardOrPw,1,1,,1
Fingerprint Recognition Passed,CARLOS ALARCON GOMEZ,71716731,,2026-05-05 08:26:50,faceOrFpOrCardOrPw,1,1,,1
Fingerprint Recognition Passed,JUAN PABLO LOPEZ VASCO,900324,,2026-05-05 08:26:56,faceOrFpOrCardOrPw,1,1,,1
Fingerprint Recognition Passed,MARI ANGELA PALACIOS PALACIOS,6816620,,2026-05-05 08:27:07,faceOrFpOrCardOrPw,1,1,,1
Fingerprint Recognition Passed,JOHAN ALEXIS MEJIA HENAO,17243886,,2026-05-05 08:27:14,faceOrFpOrCardOrPw,1,1,,1
Fingerprint Recognition Passed,KELI JOHANA CARVAJAL DURANGO,52689564,,2026-05-05 12:30:16,faceOrFpOrCardOrPw,1,1,,1
Fingerprint Recognition Passed,DAVIDSON GALEANO AVENDAÑO,40370997,,2026-05-05 12:30:43,faceOrFpOrCardOrPw,1,1,,1
Face Authentication Passed,LEIDY JOHANA LONDONO VALENCIA,93514952,,2026-05-05 12:33:09,faceOrFpOrCardOrPw,1,1,no,1
Fingerprint Recognition Passed,JUAN PABLO LOPEZ VASCO,900324,,2026-05-05 12:33:32,faceOrFpOrCardOrPw,1,1,,1
Fingerprint Recognition Passed,NUBIA ELENA BEDOYA CARO,42787291,,2026-05-05 12:33:40,faceOrFpOrCardOrPw,1,1,,1
Fingerprint Recognition Passed,DIEGO ANDRES HENAO ROMERO,71337024,,2026-05-05 12:33:47,faceOrFpOrCardOrPw,1,1,,1
Fingerprint Recognition Passed,MARI ANGELA PALACIOS PALACIOS,6816620,,2026-05-05 12:38:18,faceOrFpOrCardOrPw,1,1,,1
Face Authentication Passed,ANDRES RESTREPO,1399637,,2026-05-05 12:40:47,faceOrFpOrCardOrPw,1,1,no,1
Fingerprint Recognition Passed,OSCAR YOVANNY GONZALEZ MUNERA,71214132,,2026-05-05 12:40:53,faceOrFpOrCardOrPw,1,1,,1
Fingerprint Recognition Passed,MARIA ALEJANDRA CORTES URIBE,36616702,,2026-05-05 12:40:57,faceOrFpOrCardOrPw,1,1,,1
Face Authentication Passed,PAULA ANDREA URIBE VARGAS,32244015,,2026-05-05 12:43:45,faceOrFpOrCardOrPw,1,1,no,1
Face Authentication Passed,DANIELA CASTRILLON PULGARIN,17261353,,2026-05-05 13:16:39,faceOrFpOrCardOrPw,1,1,no,1
Fingerprint Recognition Passed,DAVIDSON GALEANO AVENDAÑO,40370997,,2026-05-05 13:17:00,faceOrFpOrCardOrPw,1,1,,1
Face Authentication Passed,LEIDY JOHANA LONDONO VALENCIA,93514952,,2026-05-05 13:17:27,faceOrFpOrCardOrPw,1,1,no,1
Fingerprint Recognition Passed,JHONATHAN ESTIVENSON URAN SERNA,28398370,,2026-05-05 13:18:53,faceOrFpOrCardOrPw,1,1,,1
Fingerprint Recognition Passed,SANDRA CAROLINA OSORIO SALAZAR,35388650,,2026-05-05 13:19:37,faceOrFpOrCardOrPw,1,1,,1
Face Authentication Passed,BAIRON NICOLAS CALLE RIVERA,40367273,,2026-05-05 13:19:43,faceOrFpOrCardOrPw,1,1,no,1
Fingerprint Recognition Passed,DORA LUCIA RICO ARENAS,43876654,,2026-05-05 13:19:54,faceOrFpOrCardOrPw,1,1,,1
Fingerprint Recognition Passed,OSCAR YOVANNY GONZALEZ MUNERA,71214132,,2026-05-05 13:20:04,faceOrFpOrCardOrPw,1,1,,1
Fingerprint Recognition Passed,JUAN PABLO LOPEZ VASCO,900324,,2026-05-05 13:20:11,faceOrFpOrCardOrPw,1,1,,1
Face Authentication Passed,ANDRES RESTREPO,1399637,,2026-05-05 13:21:12,faceOrFpOrCardOrPw,1,1,no,1
Face Authentication Passed,JERALDINE GARCIA CASTAÑO,0442978,,2026-05-05 13:34:35,faceOrFpOrCardOrPw,1,1,no,1
Fingerprint Recognition Passed,JUAN CAMILO ZAPATA GONZALEZ,42706670,,2026-05-05 13:40:33,faceOrFpOrCardOrPw,1,1,,1
Fingerprint Recognition Passed,CLAUDIA PATRICIA ZAPATA SOTO,43738836,,2026-05-05 13:47:55,faceOrFpOrCardOrPw,1,1,,1
Fingerprint Recognition Passed,ANDRES FELIPE AGUIRRE MARIN,70422459,,2026-05-05 13:59:31,faceOrFpOrCardOrPw,1,1,,1
Fingerprint Recognition Passed,DORA LUCIA RICO ARENAS,43876654,,2026-05-05 14:01:29,faceOrFpOrCardOrPw,1,1,,1
Face Authentication Passed,BAIRON NICOLAS CALLE RIVERA,40367273,,2026-05-05 14:05:06,faceOrFpOrCardOrPw,1,1,no,1
Fingerprint Recognition Passed,JAQUELINE VALDERRAMA ALVAREZ,4027534,,2026-05-05 14:06:51,faceOrFpOrCardOrPw,1,1,,1
Fingerprint Recognition Passed,JHONATHAN ESTIVENSON URAN SERNA,28398370,,2026-05-05 14:06:53,faceOrFpOrCardOrPw,1,1,,1
Fingerprint Recognition Passed,SANDRA CAROLINA OSORIO SALAZAR,35388650,,2026-05-05 14:10:47,faceOrFpOrCardOrPw,1,1,,1
Fingerprint Recognition Passed,ELENA MARIA PATIÑO VARÓN,32353781,,2026-05-05 14:11:08,faceOrFpOrCardOrPw,1,1,,1
Face Authentication Passed,JESSICA SALAZAR CAÑAS,52184530,,2026-05-05 16:07:22,faceOrFpOrCardOrPw,1,1,no,1
Fingerprint Recognition Passed,DAVIDSON GALEANO AVENDAÑO,40370997,,2026-05-05 17:03:01,faceOrFpOrCardOrPw,1,1,,1
Fingerprint Recognition Passed,ANDRES FELIPE AGUIRRE MARIN,70422459,,2026-05-05 17:03:22,faceOrFpOrCardOrPw,1,1,,1
Fingerprint Recognition Passed,PAULA ANDREA URIBE VARGAS,32244015,,2026-05-05 17:04:47,faceOrFpOrCardOrPw,1,1,,1
Face Authentication Passed,DANIELA CASTRILLON PULGARIN,17261353,,2026-05-05 17:05:14,faceOrFpOrCardOrPw,1,1,no,1
Fingerprint Recognition Passed,MARIA ALEJANDRA CORTES URIBE,36616702,,2026-05-05 17:05:21,faceOrFpOrCardOrPw,1,1,,1
Fingerprint Recognition Passed,KELI JOHANA CARVAJAL DURANGO,52689564,,2026-05-05 17:05:25,faceOrFpOrCardOrPw,1,1,,1
Fingerprint Recognition Passed,JAQUELINE VALDERRAMA ALVAREZ,4027534,,2026-05-05 17:06:00,faceOrFpOrCardOrPw,1,1,,1
Face Authentication Passed,BAIRON NICOLAS CALLE RIVERA,40367273,,2026-05-05 17:06:12,faceOrFpOrCardOrPw,1,1,no,1
Face Authentication Passed,ANDRES RESTREPO,1399637,,2026-05-05 17:07:10,faceOrFpOrCardOrPw,1,1,no,1
Fingerprint Recognition Passed,JHONATHAN ESTIVENSON URAN SERNA,28398370,,2026-05-05 17:09:45,faceOrFpOrCardOrPw,1,1,,1
Fingerprint Recognition Passed,WILDER SANTIAGO MEJIA ALVAREZ,20489034,,2026-05-05 17:34:56,faceOrFpOrCardOrPw,1,1,,1
Fingerprint Recognition Passed,HAILER ARTURO MONTOYA CANO,33337771,,2026-05-05 17:37:38,faceOrFpOrCardOrPw,1,1,,1
Face Authentication Passed,CAMILA ANDREA CARMONA GIRALDO,8439164,,2026-05-05 17:37:42,faceOrFpOrCardOrPw,1,1,no,1
Fingerprint Recognition Passed,ELENA MARIA PATIÑO VARÓN,32353781,,2026-05-05 17:47:07,faceOrFpOrCardOrPw,1,1,,1
Fingerprint Recognition Passed,SANDRA CAROLINA OSORIO SALAZAR,35388650,,2026-05-05 17:48:27,faceOrFpOrCardOrPw,1,1,,1
Face Authentication Passed,JESSICA SALAZAR CAÑAS,52184530,,2026-05-05 17:57:23,faceOrFpOrCardOrPw,1,1,no,1
Face Authentication Passed,LEIDY JOHANA LONDONO VALENCIA,93514952,,2026-05-05 17:57:48,faceOrFpOrCardOrPw,1,1,no,1
Fingerprint Recognition Passed,OMAR ENRIQUE OROZCO SIMANCA,65579115,,2026-05-05 18:07:03,faceOrFpOrCardOrPw,1,1,,1
Fingerprint Recognition Passed,EYLER SANTIAGO TABARES MONTEALEGRE,17219543,,2026-05-05 18:07:16,faceOrFpOrCardOrPw,1,1,,1
Fingerprint Recognition Passed,MARI ANGELA PALACIOS PALACIOS,6816620,,2026-05-05 18:07:52,faceOrFpOrCardOrPw,1,1,,1
Fingerprint Recognition Passed,SONIA FABIELLY RESTREPO RESTREPO,42791615,,2026-05-05 18:08:44,faceOrFpOrCardOrPw,1,1,,1
Fingerprint Recognition Passed,JOHAN ALEXIS MEJIA HENAO,17243886,,2026-05-05 18:09:09,faceOrFpOrCardOrPw,1,1,,1
Fingerprint Recognition Passed,JUAN PABLO LOPEZ VASCO,900324,,2026-05-05 18:09:26,faceOrFpOrCardOrPw,1,1,,1
Face Authentication Passed,JHON JAIME RESTREPO RIAZA,71655733,,2026-05-05 18:09:58,faceOrFpOrCardOrPw,1,1,no,1
Fingerprint Recognition Passed,ELIZABETH OSORIO CASTAÑO,37586673,,2026-05-05 18:10:20,faceOrFpOrCardOrPw,1,1,,1
Fingerprint Recognition Passed,DIEGO ANDRES HENAO ROMERO,71337024,,2026-05-05 18:10:30,faceOrFpOrCardOrPw,1,1,,1
Face Authentication Passed,JHON JAIME RESTREPO RIAZA,71655733,,2026-05-06 05:12:32,faceOrFpOrCardOrPw,1,1,no,1
Face Authentication Passed,DUBER ERLEY GIRALDO ZULUAGA,17209957,,2026-05-06 06:25:17,faceOrFpOrCardOrPw,1,1,no,1
Fingerprint Recognition Passed,CARLOS ANDRES OROZCO UPEGUI,3396375,,2026-05-06 06:53:30,faceOrFpOrCardOrPw,1,1,,1
Fingerprint Recognition Passed,JORGE WILLIAM PEREZ GIL,71798259,,2026-05-06 06:58:40,faceOrFpOrCardOrPw,1,1,,1
Face Authentication Passed,PAULA ANDREA URIBE VARGAS,32244015,,2026-05-06 07:12:07,faceOrFpOrCardOrPw,1,1,no,1
Fingerprint Recognition Passed,DAVIDSON GALEANO AVENDAÑO,40370997,,2026-05-06 07:14:00,faceOrFpOrCardOrPw,1,1,,1
Face Authentication Passed,YONATAN OLIVEROS CUADROS,28454075,,2026-05-06 07:14:08,faceOrFpOrCardOrPw,1,1,no,1
Face Authentication Passed,ANDRES RESTREPO,1399637,,2026-05-06 07:14:33,faceOrFpOrCardOrPw,1,1,no,1
Fingerprint Recognition Passed,EDIVER GALEANO CARMONA,16725402,,2026-05-06 07:16:05,faceOrFpOrCardOrPw,1,1,,1
Fingerprint Recognition Passed,JUAN CAMILO ZAPATA GONZALEZ,42706670,,2026-05-06 07:16:31,faceOrFpOrCardOrPw,1,1,,1
Fingerprint Recognition Passed,ANDRES FELIPE AGUIRRE MARIN,70422459,,2026-05-06 07:16:47,faceOrFpOrCardOrPw,1,1,,1
Face Authentication Passed,BAIRON NICOLAS CALLE RIVERA,40367273,,2026-05-06 07:23:41,faceOrFpOrCardOrPw,1,1,no,1
Face Authentication Passed,DANIELA CASTRILLON PULGARIN,17261353,,2026-05-06 07:25:01,faceOrFpOrCardOrPw,1,1,no,1
Fingerprint Recognition Passed,KELI JOHANA CARVAJAL DURANGO,52689564,,2026-05-06 07:25:23,faceOrFpOrCardOrPw,1,1,,1
Face Authentication Passed,JOHN ALEXANDER CUADROS SERNA,8126705,,2026-05-06 07:25:31,faceOrFpOrCardOrPw,1,1,no,1
Fingerprint Recognition Passed,JHONATAN ANDRES ACOSTA ECHAVARRIA,20412293,,2026-05-06 07:26:06,faceOrFpOrCardOrPw,1,1,,1
Fingerprint Recognition Passed,JAQUELINE VALDERRAMA ALVAREZ,4027534,,2026-05-06 07:26:26,faceOrFpOrCardOrPw,1,1,,1
Fingerprint Recognition Passed,ANA MARIA LOPEZ RUIZ,43865704,,2026-05-06 07:26:31,faceOrFpOrCardOrPw,1,1,,1
Fingerprint Recognition Passed,CLAUDIA PATRICIA ZAPATA SOTO,43738836,,2026-05-06 07:27:23,faceOrFpOrCardOrPw,1,1,,1
Fingerprint Recognition Passed,ANDRES FELIPE GIRALDO ARISMENDY,35427471,,2026-05-06 07:27:48,faceOrFpOrCardOrPw,1,1,,1
Fingerprint Recognition Passed,ESTEFANIA GOMEZ ARENAS,28478853,,2026-05-06 07:28:32,faceOrFpOrCardOrPw,1,1,,1
Fingerprint Recognition Passed,MAURICIO MURILLO FONNEGRA,98494133,,2026-05-06 07:55:50,faceOrFpOrCardOrPw,1,1,,1
Fingerprint Recognition Passed,WILDER SANTIAGO MEJIA ALVAREZ,20489034,,2026-05-06 07:56:15,faceOrFpOrCardOrPw,1,1,,1
Fingerprint Recognition Passed,HAILER ARTURO MONTOYA CANO,33337771,,2026-05-06 07:56:50,faceOrFpOrCardOrPw,1,1,,1
Face Authentication Passed,JESSICA SALAZAR CAÑAS,52184530,,2026-05-06 07:56:55,faceOrFpOrCardOrPw,1,1,no,1
Face Authentication Passed,CAMILA ANDREA CARMONA GIRALDO,8439164,,2026-05-06 07:57:21,faceOrFpOrCardOrPw,1,1,no,1
Face Authentication Passed,LEIDY JOHANA LONDONO VALENCIA,93514952,,2026-05-06 08:00:39,faceOrFpOrCardOrPw,1,1,no,1
Fingerprint Recognition Passed,MARIA ROSMIRA RODRIGUEZ BUITRAGO,42995314,,2026-05-06 08:01:35,faceOrFpOrCardOrPw,1,1,,1
Fingerprint Recognition Passed,JHONATHAN ESTIVENSON URAN SERNA,28398370,,2026-05-06 08:09:25,faceOrFpOrCardOrPw,1,1,,1
Fingerprint Recognition Passed,CARLOS ALARCON GOMEZ,71716731,,2026-05-06 08:19:10,faceOrFpOrCardOrPw,1,1,,1
Fingerprint Recognition Passed,JUAN CAMILO GIRALDO TORRES,887772,,2026-05-06 08:20:10,faceOrFpOrCardOrPw,1,1,,1
Fingerprint Recognition Passed,JUAN PABLO LOPEZ VASCO,900324,,2026-05-06 08:30:58,faceOrFpOrCardOrPw,1,1,,1
Face Authentication Passed,ANDRES RESTREPO,1399637,,2026-05-06 10:21:02,faceOrFpOrCardOrPw,1,1,no,1
Fingerprint Recognition Passed,KELI JOHANA CARVAJAL DURANGO,52689564,,2026-05-06 11:45:23,faceOrFpOrCardOrPw,1,1,,1
Fingerprint Recognition Passed,MARI ANGELA PALACIOS PALACIOS,6816620,,2026-05-06 11:45:59,faceOrFpOrCardOrPw,1,1,,1
Fingerprint Recognition Passed,NUBIA ELENA BEDOYA CARO,42787291,,2026-05-06 11:58:06,faceOrFpOrCardOrPw,1,1,,1
Fingerprint Recognition Passed,JOHAN ALEXIS MEJIA HENAO,17243886,,2026-05-06 12:30:02,faceOrFpOrCardOrPw,1,1,,1
Face Authentication Passed,JUAN FERNANDO ALVAREZ FIGUEROA,71269108,,2026-05-06 12:30:43,faceOrFpOrCardOrPw,1,1,no,1
Face Authentication Passed,LEIDY JOHANA LONDONO VALENCIA,93514952,,2026-05-06 12:31:03,faceOrFpOrCardOrPw,1,1,no,1
Fingerprint Recognition Passed,MARIA ALEJANDRA CORTES URIBE,36616702,,2026-05-06 12:31:49,faceOrFpOrCardOrPw,1,1,,1
Fingerprint Recognition Passed,OSCAR YOVANNY GONZALEZ MUNERA,71214132,,2026-05-06 12:32:52,faceOrFpOrCardOrPw,1,1,,1
Fingerprint Recognition Passed,KELI JOHANA CARVAJAL DURANGO,52689564,,2026-05-06 12:33:06,faceOrFpOrCardOrPw,1,1,,1
Fingerprint Recognition Passed,DAVIDSON GALEANO AVENDAÑO,40370997,,2026-05-06 12:33:17,faceOrFpOrCardOrPw,1,1,,1
Fingerprint Recognition Passed,NUBIA ELENA BEDOYA CARO,42787291,,2026-05-06 12:37:37,faceOrFpOrCardOrPw,1,1,,1
Face Authentication Passed,ANDRES RESTREPO,1399637,,2026-05-06 12:41:13,faceOrFpOrCardOrPw,1,1,no,1
Face Authentication Passed,PAULA ANDREA URIBE VARGAS,32244015,,2026-05-06 12:41:16,faceOrFpOrCardOrPw,1,1,no,1
Fingerprint Recognition Passed,DIEGO ANDRES HENAO ROMERO,71337024,,2026-05-06 13:18:53,faceOrFpOrCardOrPw,1,1,,1
Fingerprint Recognition Passed,OSCAR YOVANNY GONZALEZ MUNERA,71214132,,2026-05-06 13:19:01,faceOrFpOrCardOrPw,1,1,,1
Fingerprint Recognition Passed,DAVIDSON GALEANO AVENDAÑO,40370997,,2026-05-06 13:19:45,faceOrFpOrCardOrPw,1,1,,1
Fingerprint Recognition Passed,JUAN PABLO LOPEZ VASCO,900324,,2026-05-06 13:20:18,faceOrFpOrCardOrPw,1,1,,1
Fingerprint Recognition Passed,OMAR ENRIQUE OROZCO SIMANCA,65579115,,2026-05-06 13:21:49,faceOrFpOrCardOrPw,1,1,,1
Fingerprint Recognition Passed,ELIZABETH OSORIO CASTAÑO,37586673,,2026-05-06 13:22:14,faceOrFpOrCardOrPw,1,1,,1
Fingerprint Recognition Passed,MARIA ALEJANDRA CORTES URIBE,36616702,,2026-05-06 13:23:33,faceOrFpOrCardOrPw,1,1,,1
Fingerprint Recognition Passed,JAQUELINE VALDERRAMA ALVAREZ,4027534,,2026-05-06 13:28:38,faceOrFpOrCardOrPw,1,1,,1
Face Authentication Passed,DANIELA CASTRILLON PULGARIN,17261353,,2026-05-06 13:30:07,faceOrFpOrCardOrPw,1,1,no,1
Fingerprint Recognition Passed,SONIA FABIELLY RESTREPO RESTREPO,42791615,,2026-05-06 13:32:11,faceOrFpOrCardOrPw,1,1,,1
Face Authentication Passed,BAIRON NICOLAS CALLE RIVERA,40367273,,2026-05-06 13:53:08,faceOrFpOrCardOrPw,1,1,no,1
Fingerprint Recognition Passed,ANDRES FELIPE AGUIRRE MARIN,70422459,,2026-05-06 14:00:46,faceOrFpOrCardOrPw,1,1,,1
Fingerprint Recognition Passed,ELIZABETH OSORIO CASTAÑO,37586673,,2026-05-06 14:02:11,faceOrFpOrCardOrPw,1,1,,1
Fingerprint Recognition Passed,SEBASTIAN PELAEZ ZAPATA,35867201,,2026-05-06 14:04:01,faceOrFpOrCardOrPw,1,1,,1
Fingerprint Recognition Passed,OMAR ENRIQUE OROZCO SIMANCA,65579115,,2026-05-06 14:04:52,faceOrFpOrCardOrPw,1,1,,1
Fingerprint Recognition Passed,JAQUELINE VALDERRAMA ALVAREZ,4027534,,2026-05-06 14:10:15,faceOrFpOrCardOrPw,1,1,,1
Face Authentication Passed,JERALDINE GARCIA CASTAÑO,0442978,,2026-05-06 14:16:55,faceOrFpOrCardOrPw,1,1,no,1
Fingerprint Recognition Passed,CLAUDIA PATRICIA ZAPATA SOTO,43738836,,2026-05-06 14:21:56,faceOrFpOrCardOrPw,1,1,,1
Fingerprint Recognition Passed,DORA LUCIA RICO ARENAS,43876654,,2026-05-06 14:27:07,faceOrFpOrCardOrPw,1,1,,1
Fingerprint Recognition Passed,ELENA MARIA PATIÑO VARÓN,32353781,,2026-05-06 14:27:28,faceOrFpOrCardOrPw,1,1,,1
Face Authentication Passed,PAULA ANDREA URIBE VARGAS,32244015,,2026-05-06 17:02:15,faceOrFpOrCardOrPw,1,1,no,1
Fingerprint Recognition Passed,DAVIDSON GALEANO AVENDAÑO,40370997,,2026-05-06 17:02:56,faceOrFpOrCardOrPw,1,1,,1
Face Authentication Passed,DANIELA CASTRILLON PULGARIN,17261353,,2026-05-06 17:03:45,faceOrFpOrCardOrPw,1,1,no,1
Face Authentication Passed,ANDRES RESTREPO,1399637,,2026-05-06 17:03:49,faceOrFpOrCardOrPw,1,1,no,1
Fingerprint Recognition Passed,JUAN CAMILO ZAPATA GONZALEZ,42706670,,2026-05-06 17:03:58,faceOrFpOrCardOrPw,1,1,,1
Face Authentication Passed,JUAN FERNANDO ALVAREZ FIGUEROA,71269108,,2026-05-06 17:04:16,faceOrFpOrCardOrPw,1,1,no,1
Fingerprint Recognition Passed,JAQUELINE VALDERRAMA ALVAREZ,4027534,,2026-05-06 17:06:57,faceOrFpOrCardOrPw,1,1,,1
Fingerprint Recognition Passed,KELI JOHANA CARVAJAL DURANGO,52689564,,2026-05-06 17:07:02,faceOrFpOrCardOrPw,1,1,,1
Fingerprint Recognition Passed,MARIA ALEJANDRA CORTES URIBE,36616702,,2026-05-06 17:07:08,faceOrFpOrCardOrPw,1,1,,1
Fingerprint Recognition Passed,NUBIA ELENA BEDOYA CARO,42787291,,2026-05-06 17:09:23,faceOrFpOrCardOrPw,1,1,,1
Fingerprint Recognition Passed,JHONATHAN ESTIVENSON URAN SERNA,28398370,,2026-05-06 17:09:27,faceOrFpOrCardOrPw,1,1,,1
Fingerprint Recognition Passed,OSCAR YOVANNY GONZALEZ MUNERA,71214132,,2026-05-06 17:31:01,faceOrFpOrCardOrPw,1,1,,1
Fingerprint Recognition Passed,SANDRA CAROLINA OSORIO SALAZAR,35388650,,2026-05-06 17:34:00,faceOrFpOrCardOrPw,1,1,,1
Fingerprint Recognition Passed,WILDER SANTIAGO MEJIA ALVAREZ,20489034,,2026-05-06 17:35:48,faceOrFpOrCardOrPw,1,1,,1
Fingerprint Recognition Passed,HAILER ARTURO MONTOYA CANO,33337771,,2026-05-06 17:36:04,faceOrFpOrCardOrPw,1,1,,1
Face Authentication Passed,CAMILA ANDREA CARMONA GIRALDO,8439164,,2026-05-06 17:39:08,faceOrFpOrCardOrPw,1,1,no,1
Fingerprint Recognition Passed,SONIA FABIELLY RESTREPO RESTREPO,42791615,,2026-05-06 17:58:38,faceOrFpOrCardOrPw,1,1,,1
Fingerprint Recognition Passed,OMAR ENRIQUE OROZCO SIMANCA,65579115,,2026-05-06 18:06:07,faceOrFpOrCardOrPw,1,1,,1
Fingerprint Recognition Passed,JUAN PABLO LOPEZ VASCO,900324,,2026-05-06 18:06:57,faceOrFpOrCardOrPw,1,1,,1
Fingerprint Recognition Passed,EYLER SANTIAGO TABARES MONTEALEGRE,17219543,,2026-05-06 18:07:04,faceOrFpOrCardOrPw,1,1,,1
Face Authentication Passed,LEIDY JOHANA LONDONO VALENCIA,93514952,,2026-05-06 18:07:11,faceOrFpOrCardOrPw,1,1,no,1
Fingerprint Recognition Passed,ELIZABETH OSORIO CASTAÑO,37586673,,2026-05-06 18:07:37,faceOrFpOrCardOrPw,1,1,,1
Fingerprint Recognition Passed,JOHAN ALEXIS MEJIA HENAO,17243886,,2026-05-06 18:09:34,faceOrFpOrCardOrPw,1,1,,1
Fingerprint Recognition Passed,MARI ANGELA PALACIOS PALACIOS,6816620,,2026-05-06 18:09:55,faceOrFpOrCardOrPw,1,1,,1
Face Authentication Passed,JESSICA SALAZAR CAÑAS,52184530,,2026-05-06 18:09:59,faceOrFpOrCardOrPw,1,1,no,1
Face Authentication Passed,JHON JAIME RESTREPO RIAZA,71655733,,2026-05-06 20:10:48,faceOrFpOrCardOrPw,1,1,no,1
Face Authentication Passed,JOHN ALEXANDER CUADROS SERNA,8126705,,2026-05-07 05:57:10,faceOrFpOrCardOrPw,1,1,no,1
Face Authentication Passed,DUBER ERLEY GIRALDO ZULUAGA,17209957,,2026-05-07 06:17:23,faceOrFpOrCardOrPw,1,1,no,1
Face Authentication Passed,YONATAN OLIVEROS CUADROS,28454075,,2026-05-07 06:43:22,faceOrFpOrCardOrPw,1,1,no,1
Face Authentication Passed,JUAN FERNANDO ALVAREZ FIGUEROA,71269108,,2026-05-07 06:47:08,faceOrFpOrCardOrPw,1,1,no,1
Fingerprint Recognition Passed,CARLOS ANDRES OROZCO UPEGUI,3396375,,2026-05-07 06:51:30,faceOrFpOrCardOrPw,1,1,,1
Fingerprint Recognition Passed,LUZ DERLIS ORTEGA GONZALEZ,57292045,,2026-05-07 06:53:28,faceOrFpOrCardOrPw,1,1,,1
Fingerprint Recognition Passed,JORGE WILLIAM PEREZ GIL,71798259,,2026-05-07 06:54:34,faceOrFpOrCardOrPw,1,1,,1
Fingerprint Recognition Passed,EDIVER GALEANO CARMONA,16725402,,2026-05-07 07:02:32,faceOrFpOrCardOrPw,1,1,,1
Fingerprint Recognition Passed,LENIS JOHANA RAMIREZ MANCO,28384637,,2026-05-07 07:03:36,faceOrFpOrCardOrPw,1,1,,1
Fingerprint Recognition Passed,SANDRA CAROLINA OSORIO SALAZAR,35388650,,2026-05-07 07:05:39,faceOrFpOrCardOrPw,1,1,,1
Face Authentication Passed,BAIRON NICOLAS CALLE RIVERA,40367273,,2026-05-07 07:06:58,faceOrFpOrCardOrPw,1,1,no,1
Face Authentication Passed,BAIRON NICOLAS CALLE RIVERA,40367273,,2026-05-07 07:07:02,faceOrFpOrCardOrPw,1,1,no,1
Fingerprint Recognition Passed,DAVIDSON GALEANO AVENDAÑO,40370997,,2026-05-07 07:17:11,faceOrFpOrCardOrPw,1,1,,1
Fingerprint Recognition Passed,MARIA ALEJANDRA CORTES URIBE,36616702,,2026-05-07 07:18:49,faceOrFpOrCardOrPw,1,1,,1
Fingerprint Recognition Passed,NUBIA ELENA BEDOYA CARO,42787291,,2026-05-07 07:20:36,faceOrFpOrCardOrPw,1,1,,1
Fingerprint Recognition Passed,ANDRES FELIPE GIRALDO ARISMENDY,35427471,,2026-05-07 07:20:43,faceOrFpOrCardOrPw,1,1,,1
Face Authentication Passed,JERALDINE GARCIA CASTAÑO,0442978,,2026-05-07 07:20:56,faceOrFpOrCardOrPw,1,1,no,1
Fingerprint Recognition Passed,CLAUDIA PATRICIA ZAPATA SOTO,43738836,,2026-05-07 07:23:33,faceOrFpOrCardOrPw,1,1,,1
Fingerprint Recognition Passed,KELI JOHANA CARVAJAL DURANGO,52689564,,2026-05-07 07:26:02,faceOrFpOrCardOrPw,1,1,,1
Fingerprint Recognition Passed,DORA LUCIA RICO ARENAS,43876654,,2026-05-07 07:26:30,faceOrFpOrCardOrPw,1,1,,1
Fingerprint Recognition Passed,OSCAR YOVANNY GONZALEZ MUNERA,71214132,,2026-05-07 07:29:27,faceOrFpOrCardOrPw,1,1,,1
Face Authentication Passed,DANIELA CASTRILLON PULGARIN,17261353,,2026-05-07 07:30:06,faceOrFpOrCardOrPw,1,1,no,1
Fingerprint Recognition Passed,WILDER SANTIAGO MEJIA ALVAREZ,20489034,,2026-05-07 07:56:02,faceOrFpOrCardOrPw,1,1,,1
Fingerprint Recognition Passed,HAILER ARTURO MONTOYA CANO,33337771,,2026-05-07 07:57:31,faceOrFpOrCardOrPw,1,1,,1
Face Authentication Passed,CAMILA ANDREA CARMONA GIRALDO,8439164,,2026-05-07 07:58:32,faceOrFpOrCardOrPw,1,1,no,1
Face Authentication Passed,JESSICA SALAZAR CAÑAS,52184530,,2026-05-07 07:59:11,faceOrFpOrCardOrPw,1,1,no,1
Face Authentication Passed,LEIDY JOHANA LONDONO VALENCIA,93514952,,2026-05-07 08:00:38,faceOrFpOrCardOrPw,1,1,no,1
Fingerprint Recognition Passed,SONIA FABIELLY RESTREPO RESTREPO,42791615,,2026-05-07 08:07:52,faceOrFpOrCardOrPw,1,1,,1
Fingerprint Recognition Passed,JOHAN ALEXIS MEJIA HENAO,17243886,,2026-05-07 08:15:28,faceOrFpOrCardOrPw,1,1,,1
Fingerprint Recognition Passed,CARLOS ALARCON GOMEZ,71716731,,2026-05-07 08:16:56,faceOrFpOrCardOrPw,1,1,,1
Fingerprint Recognition Passed,JUAN PABLO LOPEZ VASCO,900324,,2026-05-07 08:20:20,faceOrFpOrCardOrPw,1,1,,1
Fingerprint Recognition Passed,OMAR ENRIQUE OROZCO SIMANCA,65579115,,2026-05-07 08:25:52,faceOrFpOrCardOrPw,1,1,,1
Fingerprint Recognition Passed,NUBIA ELENA BEDOYA CARO,42787291,,2026-05-07 11:55:56,faceOrFpOrCardOrPw,1,1,,1
Fingerprint Recognition Passed,MARI ANGELA PALACIOS PALACIOS,6816620,,2026-05-07 11:58:23,faceOrFpOrCardOrPw,1,1,,1
Fingerprint Recognition Passed,JUAN CAMILO ZAPATA GONZALEZ,42706670,,2026-05-07 12:15:01,faceOrFpOrCardOrPw,1,1,,1
Face Authentication Passed,JUAN FERNANDO ALVAREZ FIGUEROA,71269108,,2026-05-07 12:29:07,faceOrFpOrCardOrPw,1,1,no,1
Fingerprint Recognition Passed,DAVIDSON GALEANO AVENDAÑO,40370997,,2026-05-07 12:29:46,faceOrFpOrCardOrPw,1,1,,1
Face Authentication Passed,LEIDY JOHANA LONDONO VALENCIA,93514952,,2026-05-07 12:30:26,faceOrFpOrCardOrPw,1,1,no,1
Fingerprint Recognition Passed,DIEGO ANDRES HENAO ROMERO,71337024,,2026-05-07 12:31:11,faceOrFpOrCardOrPw,1,1,,1
Fingerprint Recognition Passed,MARIA ALEJANDRA CORTES URIBE,36616702,,2026-05-07 12:31:22,faceOrFpOrCardOrPw,1,1,,1
Fingerprint Recognition Passed,JUAN PABLO LOPEZ VASCO,900324,,2026-05-07 12:31:29,faceOrFpOrCardOrPw,1,1,,1
Fingerprint Recognition Passed,KELI JOHANA CARVAJAL DURANGO,52689564,,2026-05-07 12:33:43,faceOrFpOrCardOrPw,1,1,,1
Fingerprint Recognition Passed,NUBIA ELENA BEDOYA CARO,42787291,,2026-05-07 12:36:44,faceOrFpOrCardOrPw,1,1,,1
Face Authentication Passed,ANDRES RESTREPO,1399637,,2026-05-07 12:43:01,faceOrFpOrCardOrPw,1,1,no,1
Face Authentication Passed,BAIRON NICOLAS CALLE RIVERA,40367273,,2026-05-07 13:06:15,faceOrFpOrCardOrPw,1,1,no,1
Fingerprint Recognition Passed,MARIA ALEJANDRA CORTES URIBE,36616702,,2026-05-07 13:10:21,faceOrFpOrCardOrPw,1,1,,1
Fingerprint Recognition Passed,ANDRES FELIPE AGUIRRE MARIN,70422459,,2026-05-07 13:17:20,faceOrFpOrCardOrPw,1,1,,1
Face Authentication Passed,JUAN FERNANDO ALVAREZ FIGUEROA,71269108,,2026-05-07 13:17:27,faceOrFpOrCardOrPw,1,1,no,1
Fingerprint Recognition Passed,JUAN PABLO LOPEZ VASCO,900324,,2026-05-07 13:17:47,faceOrFpOrCardOrPw,1,1,,1
Fingerprint Recognition Passed,JHONATHAN ESTIVENSON URAN SERNA,28398370,,2026-05-07 13:17:52,faceOrFpOrCardOrPw,1,1,,1
Fingerprint Recognition Passed,JAQUELINE VALDERRAMA ALVAREZ,4027534,,2026-05-07 13:18:07,faceOrFpOrCardOrPw,1,1,,1
Face Authentication Passed,LEIDY JOHANA LONDONO VALENCIA,93514952,,2026-05-07 13:18:27,faceOrFpOrCardOrPw,1,1,no,1
Fingerprint Recognition Passed,DAVIDSON GALEANO AVENDAÑO,40370997,,2026-05-07 13:18:34,faceOrFpOrCardOrPw,1,1,,1
Fingerprint Recognition Passed,JOHAN ALEXIS MEJIA HENAO,17243886,,2026-05-07 13:24:19,faceOrFpOrCardOrPw,1,1,,1
Fingerprint Recognition Passed,OMAR ENRIQUE OROZCO SIMANCA,65579115,,2026-05-07 13:24:24,faceOrFpOrCardOrPw,1,1,,1
Fingerprint Recognition Passed,SONIA FABIELLY RESTREPO RESTREPO,42791615,,2026-05-07 13:25:36,faceOrFpOrCardOrPw,1,1,,1
Face Authentication Passed,PAULA ANDREA URIBE VARGAS,32244015,,2026-05-07 13:36:23,faceOrFpOrCardOrPw,1,1,no,1
Fingerprint Recognition Passed,OMAR ENRIQUE OROZCO SIMANCA,65579115,,2026-05-07 13:43:59,faceOrFpOrCardOrPw,1,1,,1
Fingerprint Recognition Passed,DORA LUCIA RICO ARENAS,43876654,,2026-05-07 13:44:07,faceOrFpOrCardOrPw,1,1,,1
Face Authentication Passed,BAIRON NICOLAS CALLE RIVERA,40367273,,2026-05-07 13:51:55,faceOrFpOrCardOrPw,1,1,no,1
Fingerprint Recognition Passed,SANDRA CAROLINA OSORIO SALAZAR,35388650,,2026-05-07 13:52:50,faceOrFpOrCardOrPw,1,1,,1
Fingerprint Recognition Passed,JHONATHAN ESTIVENSON URAN SERNA,28398370,,2026-05-07 13:55:48,faceOrFpOrCardOrPw,1,1,,1
Fingerprint Recognition Passed,ANDRES FELIPE AGUIRRE MARIN,70422459,,2026-05-07 14:00:53,faceOrFpOrCardOrPw,1,1,,1
Fingerprint Recognition Passed,SEBASTIAN PELAEZ ZAPATA,35867201,,2026-05-07 14:04:50,faceOrFpOrCardOrPw,1,1,,1
Fingerprint Recognition Passed,JAQUELINE VALDERRAMA ALVAREZ,4027534,,2026-05-07 14:06:24,faceOrFpOrCardOrPw,1,1,,1
Face Authentication Passed,DANIELA CASTRILLON PULGARIN,17261353,,2026-05-07 14:08:31,faceOrFpOrCardOrPw,1,1,no,1
Face Authentication Passed,JESSICA SALAZAR CAÑAS,52184530,,2026-05-07 15:12:41,faceOrFpOrCardOrPw,1,1,no,1
Face Authentication Passed,BAIRON NICOLAS CALLE RIVERA,40367273,,2026-05-07 15:14:32,faceOrFpOrCardOrPw,1,1,no,1
Fingerprint Recognition Passed,MARIA ROSMIRA RODRIGUEZ BUITRAGO,42995314,,2026-05-07 15:15:09,faceOrFpOrCardOrPw,1,1,,1
Face Authentication Passed,JESSICA SALAZAR CAÑAS,52184530,,2026-05-07 15:57:22,faceOrFpOrCardOrPw,1,1,no,1
Fingerprint Recognition Passed,MARIA ROSMIRA RODRIGUEZ BUITRAGO,42995314,,2026-05-07 16:04:12,faceOrFpOrCardOrPw,1,1,,1
Fingerprint Recognition Passed,PAULA ANDREA URIBE VARGAS,32244015,,2026-05-07 17:03:29,faceOrFpOrCardOrPw,1,1,,1
Fingerprint Recognition Passed,DANIELA CASTRILLON PULGARIN,17261353,,2026-05-07 17:04:32,faceOrFpOrCardOrPw,1,1,,1
Fingerprint Recognition Passed,ANDRES FELIPE AGUIRRE MARIN,70422459,,2026-05-07 17:05:00,faceOrFpOrCardOrPw,1,1,,1
Fingerprint Recognition Passed,KELI JOHANA CARVAJAL DURANGO,52689564,,2026-05-07 17:07:07,faceOrFpOrCardOrPw,1,1,,1
Fingerprint Recognition Passed,JAQUELINE VALDERRAMA ALVAREZ,4027534,,2026-05-07 17:07:11,faceOrFpOrCardOrPw,1,1,,1
Fingerprint Recognition Passed,DAVIDSON GALEANO AVENDAÑO,40370997,,2026-05-07 17:07:13,faceOrFpOrCardOrPw,1,1,,1
Face Authentication Passed,JUAN FERNANDO ALVAREZ FIGUEROA,71269108,,2026-05-07 17:10:13,faceOrFpOrCardOrPw,1,1,no,1
Fingerprint Recognition Passed,JUAN CAMILO ZAPATA GONZALEZ,42706670,,2026-05-07 17:10:46,faceOrFpOrCardOrPw,1,1,,1
Fingerprint Recognition Passed,LENIS JOHANA RAMIREZ MANCO,28384637,,2026-05-07 17:17:26,faceOrFpOrCardOrPw,1,1,,1
Face Authentication Passed,JERALDINE GARCIA CASTAÑO,0442978,,2026-05-07 17:17:45,faceOrFpOrCardOrPw,1,1,no,1
Fingerprint Recognition Passed,DORA LUCIA RICO ARENAS,43876654,,2026-05-07 17:19:12,faceOrFpOrCardOrPw,1,1,,1
Fingerprint Recognition Passed,OSCAR YOVANNY GONZALEZ MUNERA,71214132,,2026-05-07 17:23:09,faceOrFpOrCardOrPw,1,1,,1
Fingerprint Recognition Passed,ELENA MARIA PATIÑO VARÓN,32353781,,2026-05-07 17:33:08,faceOrFpOrCardOrPw,1,1,,1
Fingerprint Recognition Passed,WILDER SANTIAGO MEJIA ALVAREZ,20489034,,2026-05-07 17:33:30,faceOrFpOrCardOrPw,1,1,,1
Fingerprint Recognition Passed,SANDRA CAROLINA OSORIO SALAZAR,35388650,,2026-05-07 17:34:05,faceOrFpOrCardOrPw,1,1,,1
Fingerprint Recognition Passed,DIEGO ANDRES HENAO ROMERO,71337024,,2026-05-07 18:09:21,faceOrFpOrCardOrPw,1,1,,1
Fingerprint Recognition Passed,ELIZABETH OSORIO CASTAÑO,37586673,,2026-05-07 18:09:27,faceOrFpOrCardOrPw,1,1,,1
Fingerprint Recognition Passed,JUAN PABLO LOPEZ VASCO,900324,,2026-05-07 18:09:54,faceOrFpOrCardOrPw,1,1,,1
Fingerprint Recognition Passed,JOHAN ALEXIS MEJIA HENAO,17243886,,2026-05-07 18:09:57,faceOrFpOrCardOrPw,1,1,,1
Fingerprint Recognition Passed,OMAR ENRIQUE OROZCO SIMANCA,65579115,,2026-05-07 18:10:04,faceOrFpOrCardOrPw,1,1,,1
Face Authentication Passed,JHON JAIME RESTREPO RIAZA,71655733,,2026-05-07 18:11:01,faceOrFpOrCardOrPw,1,1,no,1
Fingerprint Recognition Passed,MARI ANGELA PALACIOS PALACIOS,6816620,,2026-05-07 18:11:44,faceOrFpOrCardOrPw,1,1,,1
Fingerprint Recognition Passed,EYLER SANTIAGO TABARES MONTEALEGRE,17219543,,2026-05-07 18:11:47,faceOrFpOrCardOrPw,1,1,,1
Fingerprint Recognition Passed,SONIA FABIELLY RESTREPO RESTREPO,42791615,,2026-05-07 18:13:15,faceOrFpOrCardOrPw,1,1,,1
Fingerprint Recognition Passed,MARIA ROSMIRA RODRIGUEZ BUITRAGO,42995314,,2026-05-07 19:27:26,faceOrFpOrCardOrPw,1,1,,1
Face Authentication Passed,JHON JAIME RESTREPO RIAZA,71655733,,2026-05-08 05:09:38,faceOrFpOrCardOrPw,1,1,no,1
Face Authentication Passed,DUBER ERLEY GIRALDO ZULUAGA,17209957,,2026-05-08 06:09:28,faceOrFpOrCardOrPw,1,1,no,1
Face Authentication Passed,YONATAN OLIVEROS CUADROS,28454075,,2026-05-08 06:46:49,faceOrFpOrCardOrPw,1,1,no,1
Fingerprint Recognition Passed,LUZ DERLIS ORTEGA GONZALEZ,57292045,,2026-05-08 06:47:07,faceOrFpOrCardOrPw,1,1,,1
Fingerprint Recognition Passed,CARLOS ANDRES OROZCO UPEGUI,3396375,,2026-05-08 06:47:14,faceOrFpOrCardOrPw,1,1,,1
Face Authentication Passed,JUAN FERNANDO ALVAREZ FIGUEROA,71269108,,2026-05-08 06:48:09,faceOrFpOrCardOrPw,1,1,no,1
Face Authentication Passed,ANDRES RESTREPO,1399637,,2026-05-08 07:13:41,faceOrFpOrCardOrPw,1,1,no,1
Fingerprint Recognition Passed,JUAN CAMILO ZAPATA GONZALEZ,42706670,,2026-05-08 07:14:43,faceOrFpOrCardOrPw,1,1,,1
Fingerprint Recognition Passed,NUBIA ELENA BEDOYA CARO,42787291,,2026-05-08 07:16:59,faceOrFpOrCardOrPw,1,1,,1
Fingerprint Recognition Passed,CLAUDIA PATRICIA ZAPATA SOTO,43738836,,2026-05-08 07:17:04,faceOrFpOrCardOrPw,1,1,,1
Face Authentication Passed,JERALDINE GARCIA CASTAÑO,0442978,,2026-05-08 07:19:01,faceOrFpOrCardOrPw,1,1,no,1
Fingerprint Recognition Passed,PAULA ANDREA URIBE VARGAS,32244015,,2026-05-08 07:19:12,faceOrFpOrCardOrPw,1,1,,1
Fingerprint Recognition Passed,SEBASTIAN PELAEZ ZAPATA,35867201,,2026-05-08 07:25:39,faceOrFpOrCardOrPw,1,1,,1
Fingerprint Recognition Passed,MAURICIO MURILLO FONNEGRA,98494133,,2026-05-08 07:27:22,faceOrFpOrCardOrPw,1,1,,1
Fingerprint Recognition Passed,ELENA MARIA PATIÑO VARÓN,32353781,,2026-05-08 07:29:46,faceOrFpOrCardOrPw,1,1,,1
Fingerprint Recognition Passed,MARIA ALEJANDRA CORTES URIBE,36616702,,2026-05-08 07:30:00,faceOrFpOrCardOrPw,1,1,,1
Fingerprint Recognition Passed,JAQUELINE VALDERRAMA ALVAREZ,4027534,,2026-05-08 07:30:06,faceOrFpOrCardOrPw,1,1,,1
Fingerprint Recognition Passed,KELI JOHANA CARVAJAL DURANGO,52689564,,2026-05-08 07:30:11,faceOrFpOrCardOrPw,1,1,,1
Fingerprint Recognition Passed,BEIMAR ALBERTO CHAVERRA GIRALDO,98631269,,2026-05-08 07:30:28,faceOrFpOrCardOrPw,1,1,,1
Fingerprint Recognition Passed,DORA LUCIA RICO ARENAS,43876654,,2026-05-08 07:31:15,faceOrFpOrCardOrPw,1,1,,1
Fingerprint Recognition Passed,OSCAR YOVANNY GONZALEZ MUNERA,71214132,,2026-05-08 07:31:24,faceOrFpOrCardOrPw,1,1,,1
Face Authentication Passed,DANIELA CASTRILLON PULGARIN,17261353,,2026-05-08 07:34:59,faceOrFpOrCardOrPw,1,1,no,1
Face Authentication Passed,CAMILA ANDREA CARMONA GIRALDO,8439164,,2026-05-08 07:59:34,faceOrFpOrCardOrPw,1,1,no,1
Fingerprint Recognition Passed,HAILER ARTURO MONTOYA CANO,33337771,,2026-05-08 07:59:50,faceOrFpOrCardOrPw,1,1,,1
Face Authentication Passed,LEIDY JOHANA LONDONO VALENCIA,93514952,,2026-05-08 08:00:51,faceOrFpOrCardOrPw,1,1,no,1
Face Authentication Passed,PAULA ANDREA URIBE VARGAS,32244015,,2026-05-08 08:03:02,faceOrFpOrCardOrPw,1,1,no,1
Face Authentication Passed,PAULA ANDREA URIBE VARGAS,32244015,,2026-05-08 08:03:07,faceOrFpOrCardOrPw,1,1,no,1
Face Authentication Passed,PAULA ANDREA URIBE VARGAS,32244015,,2026-05-08 08:03:10,faceOrFpOrCardOrPw,1,1,no,1
Face Authentication Passed,PAULA ANDREA URIBE VARGAS,32244015,,2026-05-08 08:03:13,faceOrFpOrCardOrPw,1,1,no,1
Face Authentication Passed,PAULA ANDREA URIBE VARGAS,32244015,,2026-05-08 08:04:01,faceOrFpOrCardOrPw,1,1,no,1
Face Authentication Passed,PAULA ANDREA URIBE VARGAS,32244015,,2026-05-08 08:04:06,faceOrFpOrCardOrPw,1,1,no,1
Card Authentication Passed,PAULA ANDREA URIBE VARGAS,32244015,,2026-05-08 08:04:14,faceOrFpOrCardOrPw,1,1,no,1
Face Authentication Passed,PAULA ANDREA URIBE VARGAS,32244015,,2026-05-08 08:04:39,faceOrFpOrCardOrPw,1,1,no,1
Fingerprint Recognition Passed,SONIA FABIELLY RESTREPO RESTREPO,42791615,,2026-05-08 08:08:16,faceOrFpOrCardOrPw,1,1,,1
Fingerprint Recognition Passed,JOHAN ALEXIS MEJIA HENAO,17243886,,2026-05-08 08:20:50,faceOrFpOrCardOrPw,1,1,,1
Fingerprint Recognition Passed,JUAN CAMILO ZAPATA GONZALEZ,42706670,,2026-05-08 12:18:31,faceOrFpOrCardOrPw,1,1,,1
Fingerprint Recognition Passed,NUBIA ELENA BEDOYA CARO,42787291,,2026-05-08 12:28:06,faceOrFpOrCardOrPw,1,1,,1
Face Authentication Passed,JUAN FERNANDO ALVAREZ FIGUEROA,71269108,,2026-05-08 12:28:14,faceOrFpOrCardOrPw,1,1,no,1
Fingerprint Recognition Passed,KELI JOHANA CARVAJAL DURANGO,52689564,,2026-05-08 12:32:07,faceOrFpOrCardOrPw,1,1,,1
Fingerprint Recognition Passed,MARIA ALEJANDRA CORTES URIBE,36616702,,2026-05-08 12:32:52,faceOrFpOrCardOrPw,1,1,,1
Fingerprint Recognition Passed,MARI ANGELA PALACIOS PALACIOS,6816620,,2026-05-08 12:33:36,faceOrFpOrCardOrPw,1,1,,1
Fingerprint Recognition Passed,DIEGO ANDRES HENAO ROMERO,71337024,,2026-05-08 12:34:21,faceOrFpOrCardOrPw,1,1,,1
Fingerprint Recognition Passed,DAVIDSON GALEANO AVENDAÑO,40370997,,2026-05-08 12:35:51,faceOrFpOrCardOrPw,1,1,,1
Fingerprint Recognition Passed,PAULA ANDREA URIBE VARGAS,32244015,,2026-05-08 12:37:30,faceOrFpOrCardOrPw,1,1,,1
Fingerprint Recognition Passed,OSCAR YOVANNY GONZALEZ MUNERA,71214132,,2026-05-08 12:42:00,faceOrFpOrCardOrPw,1,1,,1
Fingerprint Recognition Passed,DAVIDSON GALEANO AVENDAÑO,40370997,,2026-05-08 13:19:23,faceOrFpOrCardOrPw,1,1,,1
Fingerprint Recognition Passed,MARIA ALEJANDRA CORTES URIBE,36616702,,2026-05-08 13:21:35,faceOrFpOrCardOrPw,1,1,,1
Fingerprint Recognition Passed,JOHAN ALEXIS MEJIA HENAO,17243886,,2026-05-08 13:25:48,faceOrFpOrCardOrPw,1,1,,1
Fingerprint Recognition Passed,ELIZABETH OSORIO CASTAÑO,37586673,,2026-05-08 13:25:54,faceOrFpOrCardOrPw,1,1,,1
Fingerprint Recognition Passed,ELENA MARIA PATIÑO VARÓN,32353781,,2026-05-08 13:25:58,faceOrFpOrCardOrPw,1,1,,1
Fingerprint Recognition Passed,JUAN PABLO LOPEZ VASCO,900324,,2026-05-08 13:26:06,faceOrFpOrCardOrPw,1,1,,1
Fingerprint Recognition Passed,JAQUELINE VALDERRAMA ALVAREZ,4027534,,2026-05-08 13:26:56,faceOrFpOrCardOrPw,1,1,,1
Fingerprint Recognition Passed,OSCAR YOVANNY GONZALEZ MUNERA,71214132,,2026-05-08 13:27:13,faceOrFpOrCardOrPw,1,1,,1
Fingerprint Recognition Passed,PAULA ANDREA URIBE VARGAS,32244015,,2026-05-08 13:27:17,faceOrFpOrCardOrPw,1,1,,1
Fingerprint Recognition Passed,SEBASTIAN PELAEZ ZAPATA,35867201,,2026-05-08 13:28:29,faceOrFpOrCardOrPw,1,1,,1
Fingerprint Recognition Passed,JOHAN ALEXIS MEJIA HENAO,17243886,,2026-05-08 14:04:49,faceOrFpOrCardOrPw,1,1,,1
Fingerprint Recognition Passed,JAQUELINE VALDERRAMA ALVAREZ,4027534,,2026-05-08 14:06:19,faceOrFpOrCardOrPw,1,1,,1
Fingerprint Recognition Passed,JUAN PABLO LOPEZ VASCO,900324,,2026-05-08 14:09:32,faceOrFpOrCardOrPw,1,1,,1
Fingerprint Recognition Passed,ELENA MARIA PATIÑO VARÓN,32353781,,2026-05-08 14:15:04,faceOrFpOrCardOrPw,1,1,,1
Fingerprint Recognition Passed,CLAUDIA PATRICIA ZAPATA SOTO,43738836,,2026-05-08 14:23:40,faceOrFpOrCardOrPw,1,1,,1
Fingerprint Recognition Passed,DORA LUCIA RICO ARENAS,43876654,,2026-05-08 14:34:14,faceOrFpOrCardOrPw,1,1,,1
Face Authentication Passed,JESSICA SALAZAR CAÑAS,52184530,,2026-05-08 15:16:08,faceOrFpOrCardOrPw,1,1,no,1
Fingerprint Recognition Passed,MARIA ROSMIRA RODRIGUEZ BUITRAGO,42995314,,2026-05-08 15:17:38,faceOrFpOrCardOrPw,1,1,,1
Face Authentication Passed,JESSICA SALAZAR CAÑAS,52184530,,2026-05-08 16:02:17,faceOrFpOrCardOrPw,1,1,no,1
Fingerprint Recognition Passed,DAVIDSON GALEANO AVENDAÑO,40370997,,2026-05-08 17:01:43,faceOrFpOrCardOrPw,1,1,,1
Face Authentication Passed,ANDRES RESTREPO,1399637,,2026-05-08 17:25:54,faceOrFpOrCardOrPw,1,1,no,1
Fingerprint Recognition Passed,JHONATHAN ESTIVENSON URAN SERNA,28398370,,2026-05-08 17:27:31,faceOrFpOrCardOrPw,1,1,,1
Fingerprint Recognition Passed,JUAN CAMILO ZAPATA GONZALEZ,42706670,,2026-05-08 17:27:36,faceOrFpOrCardOrPw,1,1,,1
Face Authentication Passed,JERALDINE GARCIA CASTAÑO,0442978,,2026-05-08 17:31:16,faceOrFpOrCardOrPw,1,1,no,1
Face Authentication Passed,JUAN FERNANDO ALVAREZ FIGUEROA,71269108,,2026-05-08 17:34:12,faceOrFpOrCardOrPw,1,1,no,1
Fingerprint Recognition Passed,DORA LUCIA RICO ARENAS,43876654,,2026-05-08 17:35:52,faceOrFpOrCardOrPw,1,1,,1
Fingerprint Recognition Passed,OSCAR YOVANNY GONZALEZ MUNERA,71214132,,2026-05-08 17:38:44,faceOrFpOrCardOrPw,1,1,,1
Fingerprint Recognition Passed,LENIS JOHANA RAMIREZ MANCO,28384637,,2026-05-08 17:45:46,faceOrFpOrCardOrPw,1,1,,1
Fingerprint Recognition Passed,HAILER ARTURO MONTOYA CANO,33337771,,2026-05-08 17:51:26,faceOrFpOrCardOrPw,1,1,,1
Fingerprint Recognition Passed,WILDER SANTIAGO MEJIA ALVAREZ,20489034,,2026-05-08 17:51:29,faceOrFpOrCardOrPw,1,1,,1
Face Authentication Passed,CAMILA ANDREA CARMONA GIRALDO,8439164,,2026-05-08 17:54:11,faceOrFpOrCardOrPw,1,1,no,1
Fingerprint Recognition Passed,EYLER SANTIAGO TABARES MONTEALEGRE,17219543,,2026-05-08 18:21:23,faceOrFpOrCardOrPw,1,1,,1
Face Authentication Passed,JESSICA SALAZAR CAÑAS,52184530,,2026-05-08 18:22:13,faceOrFpOrCardOrPw,1,1,no,1
Fingerprint Recognition Passed,JOHAN ALEXIS MEJIA HENAO,17243886,,2026-05-08 18:23:58,faceOrFpOrCardOrPw,1,1,,1
Fingerprint Recognition Passed,MARI ANGELA PALACIOS PALACIOS,6816620,,2026-05-08 18:24:03,faceOrFpOrCardOrPw,1,1,,1
Face Authentication Passed,LEIDY JOHANA LONDONO VALENCIA,93514952,,2026-05-08 18:24:07,faceOrFpOrCardOrPw,1,1,no,1
Fingerprint Recognition Passed,ELENA MARIA PATIÑO VARÓN,32353781,,2026-05-08 18:24:50,faceOrFpOrCardOrPw,1,1,,1
Fingerprint Recognition Passed,JUAN PABLO LOPEZ VASCO,900324,,2026-05-08 18:27:11,faceOrFpOrCardOrPw,1,1,,1
Fingerprint Recognition Passed,MARIA ROSMIRA RODRIGUEZ BUITRAGO,42995314,,2026-05-08 18:27:26,faceOrFpOrCardOrPw,1,1,,1
Fingerprint Recognition Passed,ELIZABETH OSORIO CASTAÑO,37586673,,2026-05-08 18:27:38,faceOrFpOrCardOrPw,1,1,,1
Fingerprint Recognition Passed,DIEGO ANDRES HENAO ROMERO,71337024,,2026-05-08 18:27:49,faceOrFpOrCardOrPw,1,1,,1
Face Authentication Passed,JHON JAIME RESTREPO RIAZA,71655733,,2026-05-08 19:32:56,faceOrFpOrCardOrPw,1,1,no,1
Face Authentication Passed,JUAN FERNANDO ALVAREZ FIGUEROA,71269108,,2026-05-11 06:18:58,faceOrFpOrCardOrPw,1,1,no,1
Face Authentication Passed,JERALDINE GARCIA CASTAÑO,0442978,,2026-05-11 06:21:23,faceOrFpOrCardOrPw,1,1,no,1
Face Authentication Passed,DUBER ERLEY GIRALDO ZULUAGA,17209957,,2026-05-11 06:25:50,faceOrFpOrCardOrPw,1,1,no,1
Fingerprint Recognition Passed,LUZ DERLIS ORTEGA GONZALEZ,57292045,,2026-05-11 06:33:39,faceOrFpOrCardOrPw,1,1,,1
Fingerprint Recognition Passed,CARLOS ANDRES OROZCO UPEGUI,3396375,,2026-05-11 06:50:55,faceOrFpOrCardOrPw,1,1,,1
Face Authentication Passed,JOHN ALEXANDER CUADROS SERNA,8126705,,2026-05-11 07:05:50,faceOrFpOrCardOrPw,1,1,no,1
Face Authentication Passed,BAIRON NICOLAS CALLE RIVERA,40367273,,2026-05-11 07:06:19,faceOrFpOrCardOrPw,1,1,no,1
Fingerprint Recognition Passed,EDIVER GALEANO CARMONA,16725402,,2026-05-11 07:06:43,faceOrFpOrCardOrPw,1,1,,1
Fingerprint Recognition Passed,JUAN CAMILO GIRALDO TORRES,887772,,2026-05-11 07:06:49,faceOrFpOrCardOrPw,1,1,,1
Fingerprint Recognition Passed,JUAN CAMILO ZAPATA GONZALEZ,42706670,,2026-05-11 07:12:31,faceOrFpOrCardOrPw,1,1,,1
Fingerprint Recognition Passed,JAQUELINE VALDERRAMA ALVAREZ,4027534,,2026-05-11 07:26:30,faceOrFpOrCardOrPw,1,1,,1
Fingerprint Recognition Passed,CLAUDIA PATRICIA ZAPATA SOTO,43738836,,2026-05-11 07:26:34,faceOrFpOrCardOrPw,1,1,,1
Fingerprint Recognition Passed,KELI JOHANA CARVAJAL DURANGO,52689564,,2026-05-11 07:27:16,faceOrFpOrCardOrPw,1,1,,1
Fingerprint Recognition Passed,BEIMAR ALBERTO CHAVERRA GIRALDO,98631269,,2026-05-11 07:27:54,faceOrFpOrCardOrPw,1,1,,1
Fingerprint Recognition Passed,ESTEFANIA GOMEZ ARENAS,28478853,,2026-05-11 07:28:26,faceOrFpOrCardOrPw,1,1,,1
Fingerprint Recognition Passed,OSCAR YOVANNY GONZALEZ MUNERA,71214132,,2026-05-11 07:28:37,faceOrFpOrCardOrPw,1,1,,1
Fingerprint Recognition Passed,SEBASTIAN PELAEZ ZAPATA,35867201,,2026-05-11 07:30:02,faceOrFpOrCardOrPw,1,1,,1
Fingerprint Recognition Passed,DORA LUCIA RICO ARENAS,43876654,,2026-05-11 07:31:56,faceOrFpOrCardOrPw,1,1,,1
Fingerprint Recognition Passed,ELENA MARIA PATIÑO VARÓN,32353781,,2026-05-11 07:34:52,faceOrFpOrCardOrPw,1,1,,1
Face Authentication Passed,JESSICA SALAZAR CAÑAS,52184530,,2026-05-11 07:58:15,faceOrFpOrCardOrPw,1,1,no,1
Face Authentication Passed,CAMILA ANDREA CARMONA GIRALDO,8439164,,2026-05-11 07:58:50,faceOrFpOrCardOrPw,1,1,no,1
Face Authentication Passed,LEIDY JOHANA LONDONO VALENCIA,93514952,,2026-05-11 07:59:01,faceOrFpOrCardOrPw,1,1,no,1
Fingerprint Recognition Passed,SONIA FABIELLY RESTREPO RESTREPO,42791615,,2026-05-11 07:59:53,faceOrFpOrCardOrPw,1,1,,1
Face Authentication Passed,YONATAN OLIVEROS CUADROS,28454075,,2026-05-11 08:10:11,faceOrFpOrCardOrPw,1,1,no,1
Fingerprint Recognition Passed,CARLOS ALARCON GOMEZ,71716731,,2026-05-11 08:18:45,faceOrFpOrCardOrPw,1,1,,1
Fingerprint Recognition Passed,OMAR ENRIQUE OROZCO SIMANCA,65579115,,2026-05-11 08:23:00,faceOrFpOrCardOrPw,1,1,,1
Fingerprint Recognition Passed,JOHAN ALEXIS MEJIA HENAO,17243886,,2026-05-11 08:23:04,faceOrFpOrCardOrPw,1,1,,1
Fingerprint Recognition Passed,DIEGO ANDRES HENAO ROMERO,71337024,,2026-05-11 08:23:32,faceOrFpOrCardOrPw,1,1,,1
Fingerprint Recognition Passed,ELIZABETH OSORIO CASTAÑO,37586673,,2026-05-11 08:24:45,faceOrFpOrCardOrPw,1,1,,1
Fingerprint Recognition Passed,JAQUELINE VALDERRAMA ALVAREZ,4027534,,2026-05-11 12:27:55,faceOrFpOrCardOrPw,1,1,,1
Fingerprint Recognition Passed,JOHAN ALEXIS MEJIA HENAO,17243886,,2026-05-11 12:30:30,faceOrFpOrCardOrPw,1,1,,1
Fingerprint Recognition Passed,DAVIDSON GALEANO AVENDAÑO,40370997,,2026-05-11 12:30:47,faceOrFpOrCardOrPw,1,1,,1
Face Authentication Passed,LEIDY JOHANA LONDONO VALENCIA,93514952,,2026-05-11 12:33:40,faceOrFpOrCardOrPw,1,1,no,1
Fingerprint Recognition Passed,JUAN PABLO LOPEZ VASCO,900324,,2026-05-11 12:36:10,faceOrFpOrCardOrPw,1,1,,1
Fingerprint Recognition Passed,ELENA MARIA PATIÑO VARÓN,32353781,,2026-05-11 12:36:13,faceOrFpOrCardOrPw,1,1,,1
Fingerprint Recognition Passed,MARI ANGELA PALACIOS PALACIOS,6816620,,2026-05-11 12:38:15,faceOrFpOrCardOrPw,1,1,,1
Fingerprint Recognition Passed,SANDRA CAROLINA OSORIO SALAZAR,35388650,,2026-05-11 12:45:36,faceOrFpOrCardOrPw,1,1,,1
Fingerprint Recognition Passed,OSCAR YOVANNY GONZALEZ MUNERA,71214132,,2026-05-11 13:08:57,faceOrFpOrCardOrPw,1,1,,1
Fingerprint Recognition Passed,ANDRES FELIPE AGUIRRE MARIN,70422459,,2026-05-11 13:15:12,faceOrFpOrCardOrPw,1,1,,1
Fingerprint Recognition Passed,DAVIDSON GALEANO AVENDAÑO,40370997,,2026-05-11 13:16:55,faceOrFpOrCardOrPw,1,1,,1
Fingerprint Recognition Passed,SEBASTIAN PELAEZ ZAPATA,35867201,,2026-05-11 13:54:24,faceOrFpOrCardOrPw,1,1,,1
Fingerprint Recognition Passed,ANDRES FELIPE AGUIRRE MARIN,70422459,,2026-05-11 13:59:58,faceOrFpOrCardOrPw,1,1,,1
Fingerprint Recognition Passed,CLAUDIA PATRICIA ZAPATA SOTO,43738836,,2026-05-11 14:00:09,faceOrFpOrCardOrPw,1,1,,1
Fingerprint Recognition Passed,DIEGO ANDRES HENAO ROMERO,71337024,,2026-05-11 14:01:26,faceOrFpOrCardOrPw,1,1,,1
Fingerprint Recognition Passed,JHONATHAN ESTIVENSON URAN SERNA,28398370,,2026-05-11 14:05:59,faceOrFpOrCardOrPw,1,1,,1
Face Authentication Passed,BAIRON NICOLAS CALLE RIVERA,40367273,,2026-05-11 14:11:31,faceOrFpOrCardOrPw,1,1,no,1
Fingerprint Recognition Passed,OMAR ENRIQUE OROZCO SIMANCA,65579115,,2026-05-11 14:12:08,faceOrFpOrCardOrPw,1,1,,1
Fingerprint Recognition Passed,SEBASTIAN PELAEZ ZAPATA,35867201,,2026-05-11 14:15:13,faceOrFpOrCardOrPw,1,1,,1
Fingerprint Recognition Passed,DIEGO ANDRES HENAO ROMERO,71337024,,2026-05-11 14:42:08,faceOrFpOrCardOrPw,1,1,,1
Fingerprint Recognition Passed,JHONATHAN ESTIVENSON URAN SERNA,28398370,,2026-05-11 17:09:23,faceOrFpOrCardOrPw,1,1,,1
Fingerprint Recognition Passed,DAVIDSON GALEANO AVENDAÑO,40370997,,2026-05-11 17:09:46,faceOrFpOrCardOrPw,1,1,,1
Fingerprint Recognition Passed,ANDRES FELIPE AGUIRRE MARIN,70422459,,2026-05-11 17:10:03,faceOrFpOrCardOrPw,1,1,,1
Fingerprint Recognition Passed,JAQUELINE VALDERRAMA ALVAREZ,4027534,,2026-05-11 17:10:13,faceOrFpOrCardOrPw,1,1,,1
Fingerprint Recognition Passed,CARLOS ANDRES OROZCO UPEGUI,3396375,,2026-05-11 17:10:22,faceOrFpOrCardOrPw,1,1,,1
Fingerprint Recognition Passed,CLAUDIA PATRICIA ZAPATA SOTO,43738836,,2026-05-11 17:13:33,faceOrFpOrCardOrPw,1,1,,1
Fingerprint Recognition Passed,JUAN CAMILO ZAPATA GONZALEZ,42706670,,2026-05-11 17:15:05,faceOrFpOrCardOrPw,1,1,,1
Face Authentication Passed,JERALDINE GARCIA CASTAÑO,0442978,,2026-05-11 17:15:58,faceOrFpOrCardOrPw,1,1,no,1
Fingerprint Recognition Passed,OSCAR YOVANNY GONZALEZ MUNERA,71214132,,2026-05-11 17:25:02,faceOrFpOrCardOrPw,1,1,,1
Fingerprint Recognition Passed,DORA LUCIA RICO ARENAS,43876654,,2026-05-11 17:26:33,faceOrFpOrCardOrPw,1,1,,1
Fingerprint Recognition Passed,SONIA FABIELLY RESTREPO RESTREPO,42791615,,2026-05-11 18:00:49,faceOrFpOrCardOrPw,1,1,,1
Fingerprint Recognition Passed,ELENA MARIA PATIÑO VARÓN,32353781,,2026-05-11 18:04:35,faceOrFpOrCardOrPw,1,1,,1
Fingerprint Recognition Passed,EYLER SANTIAGO TABARES MONTEALEGRE,17219543,,2026-05-11 18:13:22,faceOrFpOrCardOrPw,1,1,,1
Fingerprint Recognition Passed,MARI ANGELA PALACIOS PALACIOS,6816620,,2026-05-11 18:13:25,faceOrFpOrCardOrPw,1,1,,1
Fingerprint Recognition Passed,JUAN PABLO LOPEZ VASCO,900324,,2026-05-11 18:13:44,faceOrFpOrCardOrPw,1,1,,1
Fingerprint Recognition Passed,OMAR ENRIQUE OROZCO SIMANCA,65579115,,2026-05-11 18:13:56,faceOrFpOrCardOrPw,1,1,,1
Fingerprint Recognition Passed,JOHAN ALEXIS MEJIA HENAO,17243886,,2026-05-11 18:15:20,faceOrFpOrCardOrPw,1,1,,1
Fingerprint Recognition Passed,ELIZABETH OSORIO CASTAÑO,37586673,,2026-05-11 18:15:25,faceOrFpOrCardOrPw,1,1,,1
Fingerprint Recognition Passed,DIEGO ANDRES HENAO ROMERO,71337024,,2026-05-11 18:19:38,faceOrFpOrCardOrPw,1,1,,1
Fingerprint Recognition Passed,MARIA ROSMIRA RODRIGUEZ BUITRAGO,42995314,,2026-05-11 18:25:54,faceOrFpOrCardOrPw,1,1,,1
